No. Of Ads,Ranking,Keywords,Header,Text,URL,Location,Timestamp
2,1,"India Hotels","Hotels.com City Hotels","Save Up to 70% On City Hotels In Major Cities When Booking Online ","www.Hotels.com/Hotels","",1268402120
2,2,"India Hotels","India Hotels","Visiting India? Find Deals &amp; Read Hotel Reviews! ","TripAdvisor.com/India","",1268402120
1,1,"Bangladesh","MBAs Without Borders","Volunteer in Colombia, Haiti, Ghana Support a Business or NGO - Donate! ","www.mbaswithoutborders.org","",1268402141
3,1,"sunglasses","Gorgeous Designer Glasses","Save 75% Off Department Stores Price Match Guarantee! Free S&amp;H ","www.PopularGlasses.com/Prada","",1268402156
3,2,"sunglasses","Designer Eyewear","Save up to 70% Authentic Designer Sunglasses and Eyeglasses ","stores.ebay.com/designereyewear4you","",1268402156
3,3,"sunglasses","Sunglasses Sale","100% Genuine Designer Sunglasses Huge Discounts on Sunglasses ","www.ParkAvenueSunglasses.com/Sale","",1268402156
